<?xml version="1.0" encoding="UTF-8"?><ImplementationGuide xmlns="http://hl7.org/fhir"><id value="cms.gov.us.alr"/><text><status value="extensions"/><div xmlns="http://www.w3.org/1999/xhtml"><h2>AssignmentListIG</h2><p>The official URL for this implementation guide is: </p><pre>http://alr.cms.gov/ig/ImplementationGuide/cms.gov.us.alr</pre></div></text><url value="http://alr.cms.gov/ig/ImplementationGuide/cms.gov.us.alr"/><version value="0.1.0"/><name value="AssignmentListIG"/><status value="draft"/><date value="2021-04-05T14:19:01-06:00"/><packageId value="cms.gov.us.alr"/><license value="CC0-1.0"/><fhirVersion value="4.0.1"/><dependsOn id="hl7_fhir_us_core"><uri value="http://hl7.org/fhir/us/core/ImplementationGuide/hl7.fhir.us.core"/><packageId value="hl7.fhir.us.core"/><version value="3.1.1"/></dependsOn><dependsOn id="hl7_fhir_us_davinci_atr"><uri value="http://hl7.org/fhir/us/davinci-atr/ImplementationGuide/hl7.fhir.us.davinci-atr"/><packageId value="hl7.fhir.us.davinci-atr"/><version value="1.0.0"/></dependsOn><definition><extension url="http://hl7.org/fhir/tools/StructureDefinition/ig-parameter"><extension url="code"><valueString value="copyrightyear"/></extension><extension url="value"><valueString value="2021+"/></extension></extension><extension url="http://hl7.org/fhir/tools/StructureDefinition/ig-parameter"><extension url="code"><valueString value="releaselabel"/></extension><extension url="value"><valueString value="ci-build"/></extension></extension><extension url="http://hl7.org/fhir/tools/StructureDefinition/ig-parameter"><extension url="code"><valueString value="path-liquid"/></extension><extension url="value"><valueString value="template/liquid"/></extension></extension><extension url="http://hl7.org/fhir/tools/StructureDefinition/ig-parameter"><extension url="code"><valueString value="path-liquid"/></extension><extension url="value"><valueString value="input/liquid"/></extension></extension><extension url="http://hl7.org/fhir/tools/StructureDefinition/ig-parameter"><extension url="code"><valueString value="path-qa"/></extension><extension url="value"><valueString value="temp/qa"/></extension></extension><extension url="http://hl7.org/fhir/tools/StructureDefinition/ig-parameter"><extension url="code"><valueString value="path-temp"/></extension><extension url="value"><valueString value="temp/pages"/></extension></extension><extension url="http://hl7.org/fhir/tools/StructureDefinition/ig-parameter"><extension url="code"><valueString value="path-output"/></extension><extension url="value"><valueString value="output"/></extension></extension><extension url="http://hl7.org/fhir/tools/StructureDefinition/ig-parameter"><extension url="code"><valueString value="path-suppressed-warnings"/></extension><extension url="value"><valueString value="input/ignoreWarnings.txt"/></extension></extension><extension url="http://hl7.org/fhir/tools/StructureDefinition/ig-parameter"><extension url="code"><valueString value="path-history"/></extension><extension url="value"><valueString value="http://alr.cms.gov/ig/history.html"/></extension></extension><extension url="http://hl7.org/fhir/tools/StructureDefinition/ig-parameter"><extension url="code"><valueString value="template-html"/></extension><extension url="value"><valueString value="template-page.html"/></extension></extension><extension url="http://hl7.org/fhir/tools/StructureDefinition/ig-parameter"><extension url="code"><valueString value="template-md"/></extension><extension url="value"><valueString value="template-page-md.html"/></extension></extension><extension url="http://hl7.org/fhir/tools/StructureDefinition/ig-parameter"><extension url="code"><valueString value="apply-contact"/></extension><extension url="value"><valueString value="true"/></extension></extension><extension url="http://hl7.org/fhir/tools/StructureDefinition/ig-parameter"><extension url="code"><valueString value="apply-context"/></extension><extension url="value"><valueString value="true"/></extension></extension><extension url="http://hl7.org/fhir/tools/StructureDefinition/ig-parameter"><extension url="code"><valueString value="apply-copyright"/></extension><extension url="value"><valueString value="true"/></extension></extension><extension url="http://hl7.org/fhir/tools/StructureDefinition/ig-parameter"><extension url="code"><valueString value="apply-jurisdiction"/></extension><extension url="value"><valueString value="true"/></extension></extension><extension url="http://hl7.org/fhir/tools/StructureDefinition/ig-parameter"><extension url="code"><valueString value="apply-license"/></extension><extension url="value"><valueString value="true"/></extension></extension><extension url="http://hl7.org/fhir/tools/StructureDefinition/ig-parameter"><extension url="code"><valueString value="apply-publisher"/></extension><extension url="value"><valueString value="true"/></extension></extension><extension url="http://hl7.org/fhir/tools/StructureDefinition/ig-parameter"><extension url="code"><valueString value="apply-version"/></extension><extension url="value"><valueString value="true"/></extension></extension><extension url="http://hl7.org/fhir/tools/StructureDefinition/ig-parameter"><extension url="code"><valueString value="active-tables"/></extension><extension url="value"><valueString value="true"/></extension></extension><grouping id="_str_profile"><name value="Structures: Resource Profiles"/><description value="These define constraints on FHIR resources for systems conforming to this implementation guide"/></grouping><grouping id="_str_extension"><name value="Structures: Extension Definitions"/><description value="These define constraints on FHIR data types for systems conforming to this implementation guide"/></grouping><grouping id="_ex_example"><name value="Example: Example Instances"/><description value="These are example instances that show what data produced and consumed by systems conforming with this implementation guide might look like"/></grouping><resource><extension url="http://hl7.org/fhir/StructureDefinition/implementationguide-page"><valueUri value="StructureDefinition-alr-Coverage.html"/></extension><reference><reference value="StructureDefinition/alr-Coverage"/></reference><name value="ALR Coverage Profile"/><description value="ALR Coverage Profile Desc"/><exampleBoolean value="false"/><groupingId value="_str_profile"/></resource><resource><extension url="http://hl7.org/fhir/StructureDefinition/implementationguide-page"><valueUri value="StructureDefinition-alr-Group.html"/></extension><reference><reference value="StructureDefinition/alr-Group"/></reference><name value="ALR Group Profile"/><description value="ALR Group Profile Desc"/><exampleBoolean value="false"/><groupingId value="_str_profile"/></resource><resource><extension url="http://hl7.org/fhir/StructureDefinition/implementationguide-page"><valueUri value="StructureDefinition-alr-Patient.html"/></extension><reference><reference value="StructureDefinition/alr-Patient"/></reference><name value="ALR Patient Profile"/><description value="ALR Patient Profile Desc"/><exampleBoolean value="false"/><groupingId value="_str_profile"/></resource><resource><extension url="http://hl7.org/fhir/StructureDefinition/implementationguide-page"><valueUri value="StructureDefinition-ext-changeReason.html"/></extension><reference><reference value="StructureDefinition/ext-changeReason"/></reference><name value="ALR Change Reason"/><description value="ALR Change Reason Description"/><exampleBoolean value="false"/><groupingId value="_str_extension"/></resource><resource><extension url="http://hl7.org/fhir/StructureDefinition/implementationguide-page"><valueUri value="StructureDefinition-ext-claimsBasedAssignmentFlag.html"/></extension><reference><reference value="StructureDefinition/ext-claimsBasedAssignmentFlag"/></reference><name value="ALR Claims Based Assignment"/><description value="ALR Claims Based Assignment Desc"/><exampleBoolean value="false"/><groupingId value="_str_extension"/></resource><resource><extension url="http://hl7.org/fhir/StructureDefinition/implementationguide-page"><valueUri value="StructureDefinition-ext-claimsBasedAssignmentStep.html"/></extension><reference><reference value="StructureDefinition/ext-claimsBasedAssignmentStep"/></reference><name value="ALR Claims Based Assignment"/><description value="ALR Claims Based Assignment Desc"/><exampleBoolean value="false"/><groupingId value="_str_extension"/></resource><resource><extension url="http://hl7.org/fhir/StructureDefinition/implementationguide-page"><valueUri value="StructureDefinition-ext-enrollmentPeriod.html"/></extension><reference><reference value="StructureDefinition/ext-enrollmentPeriod"/></reference><name value="ALR Enrollment Period"/><description value="ALR Enrollment Period Desc"/><exampleBoolean value="false"/><groupingId value="_str_extension"/></resource><resource><extension url="http://hl7.org/fhir/StructureDefinition/implementationguide-page"><valueUri value="StructureDefinition-ext-newlyAssignedBeneficiaryFlag.html"/></extension><reference><reference value="StructureDefinition/ext-newlyAssignedBeneficiaryFlag"/></reference><name value="ALR Newly Assigned Beneficiary Flag"/><description value="ALR Newly Assigned Beneficiary Flag"/><exampleBoolean value="false"/><groupingId value="_str_extension"/></resource><resource><extension url="http://hl7.org/fhir/StructureDefinition/implementationguide-page"><valueUri value="StructureDefinition-ext-prevAssignedBeneficiaryFlag.html"/></extension><reference><reference value="StructureDefinition/ext-prevAssignedBeneficiaryFlag"/></reference><name value="ALR Previously Assigned Beneficiary Flag"/><description value="ALR Previously Assigned Beneficiary Flag"/><exampleBoolean value="false"/><groupingId value="_str_extension"/></resource><resource><extension url="http://hl7.org/fhir/StructureDefinition/implementationguide-page"><valueUri value="StructureDefinition-ext-voluntaryAlignmentFlag.html"/></extension><reference><reference value="StructureDefinition/ext-voluntaryAlignmentFlag"/></reference><name value="ALR Voluntary Alignment"/><description value="ALR Voluntary Alignment Desc"/><exampleBoolean value="false"/><groupingId value="_str_extension"/></resource><resource><extension url="http://hl7.org/fhir/StructureDefinition/implementationguide-page"><valueUri value="Patient-pfX87a34de3feaagux8xz.html"/></extension><reference><reference value="Patient/pfX87a34de3feaagux8xz"/></reference><name value="Patient: General Example"/><exampleCanonical value="http://alr.cms.gov/ig/StructureDefinition/alr-Patient"/><groupingId value="_ex_example"/></resource><resource><extension url="http://hl7.org/fhir/StructureDefinition/implementationguide-page"><valueUri value="Coverage-u87a34asdf667de3feaagux8xz.html"/></extension><reference><reference value="Coverage/u87a34asdf667de3feaagux8xz"/></reference><name value="Coverage: General Example"/><exampleCanonical value="http://alr.cms.gov/ig/StructureDefinition/alr-Coverage"/><groupingId value="_ex_example"/></resource><resource><extension url="http://hl7.org/fhir/StructureDefinition/implementationguide-page"><valueUri value="Group-u87a34de3feaagux8xz.html"/></extension><reference><reference value="Group/u87a34de3feaagux8xz"/></reference><name value="Group: General Example"/><exampleCanonical value="http://alr.cms.gov/ig/StructureDefinition/alr-Group"/><groupingId value="_ex_example"/></resource><page><nameUrl value="toc.html"/><title value="Table of Contents"/><generation value="html"/><page><nameUrl value="index.html"/><title value="Home"/><generation value="markdown"/></page><page><nameUrl value="artifacts.html"/><title value="Artifacts Summary"/><generation value="html"/><page><nameUrl value="StructureDefinition-alr-Coverage.html"/><title value="ALR Coverage Profile"/><generation value="generated"/></page><page><nameUrl value="StructureDefinition-alr-Group.html"/><title value="ALR Group Profile"/><generation value="generated"/></page><page><nameUrl value="StructureDefinition-alr-Patient.html"/><title value="ALR Patient Profile"/><generation value="generated"/></page><page><nameUrl value="StructureDefinition-ext-changeReason.html"/><title value="ALR Change Reason"/><generation value="generated"/></page><page><nameUrl value="StructureDefinition-ext-claimsBasedAssignmentFlag.html"/><title value="ALR Claims Based Assignment"/><generation value="generated"/></page><page><nameUrl value="StructureDefinition-ext-claimsBasedAssignmentStep.html"/><title value="ALR Claims Based Assignment"/><generation value="generated"/></page><page><nameUrl value="StructureDefinition-ext-enrollmentPeriod.html"/><title value="ALR Enrollment Period"/><generation value="generated"/></page><page><nameUrl value="StructureDefinition-ext-newlyAssignedBeneficiaryFlag.html"/><title value="ALR Newly Assigned Beneficiary Flag"/><generation value="generated"/></page><page><nameUrl value="StructureDefinition-ext-prevAssignedBeneficiaryFlag.html"/><title value="ALR Previously Assigned Beneficiary Flag"/><generation value="generated"/></page><page><nameUrl value="StructureDefinition-ext-voluntaryAlignmentFlag.html"/><title value="ALR Voluntary Alignment"/><generation value="generated"/></page><page><nameUrl value="Patient-pfX87a34de3feaagux8xz.html"/><title value="Patient: General Example"/><generation value="generated"/></page><page><nameUrl value="Coverage-u87a34asdf667de3feaagux8xz.html"/><title value="Coverage: General Example"/><generation value="generated"/></page><page><nameUrl value="Group-u87a34de3feaagux8xz.html"/><title value="Group: General Example"/><generation value="generated"/></page></page></page><parameter><code value="path-resource"/><value value="input/capabilities"/></parameter><parameter><code value="path-resource"/><value value="input/examples"/></parameter><parameter><code value="path-resource"/><value value="input/extensions"/></parameter><parameter><code value="path-resource"/><value value="input/models"/></parameter><parameter><code value="path-resource"/><value value="input/operations"/></parameter><parameter><code value="path-resource"/><value value="input/profiles"/></parameter><parameter><code value="path-resource"/><value value="input/resources"/></parameter><parameter><code value="path-resource"/><value value="input/vocabulary"/></parameter><parameter><code value="path-resource"/><value value="input/maps"/></parameter><parameter><code value="path-resource"/><value value="input/testing"/></parameter><parameter><code value="path-resource"/><value value="input/history"/></parameter><parameter><code value="path-resource"/><value value="fsh-generated/resources"/></parameter><parameter><code value="path-pages"/><value value="template/config"/></parameter><parameter><code value="path-pages"/><value value="input/images"/></parameter><parameter><code value="path-tx-cache"/><value value="input-cache/txcache"/></parameter></definition></ImplementationGuide>