{"resourceType":"ImplementationGuide","id":"cms.gov.us.alr","text":{"status":"extensions","div":"<div xmlns=\"http://www.w3.org/1999/xhtml\"><h2>AssignmentListIG</h2><p>The official URL for this implementation guide is: </p><pre>http://alr.cms.gov/ig/ImplementationGuide/cms.gov.us.alr</pre></div>"},"url":"http://alr.cms.gov/ig/ImplementationGuide/cms.gov.us.alr","version":"0.1.0","name":"AssignmentListIG","status":"draft","date":"2021-04-05T14:19:01-06:00","packageId":"cms.gov.us.alr","license":"CC0-1.0","fhirVersion":["4.0.1"],"dependsOn":[{"id":"hl7_fhir_us_core","uri":"http://hl7.org/fhir/us/core/ImplementationGuide/hl7.fhir.us.core","packageId":"hl7.fhir.us.core","version":"3.1.1"},{"id":"hl7_fhir_us_davinci_atr","uri":"http://hl7.org/fhir/us/davinci-atr/ImplementationGuide/hl7.fhir.us.davinci-atr","packageId":"hl7.fhir.us.davinci-atr","version":"1.0.0"}],"definition":{"extension":[{"extension":[{"url":"code","valueString":"copyrightyear"},{"url":"value","valueString":"2021+"}],"url":"http://hl7.org/fhir/tools/StructureDefinition/ig-parameter"},{"extension":[{"url":"code","valueString":"releaselabel"},{"url":"value","valueString":"ci-build"}],"url":"http://hl7.org/fhir/tools/StructureDefinition/ig-parameter"},{"extension":[{"url":"code","valueString":"path-liquid"},{"url":"value","valueString":"template/liquid"}],"url":"http://hl7.org/fhir/tools/StructureDefinition/ig-parameter"},{"extension":[{"url":"code","valueString":"path-liquid"},{"url":"value","valueString":"input/liquid"}],"url":"http://hl7.org/fhir/tools/StructureDefinition/ig-parameter"},{"extension":[{"url":"code","valueString":"path-qa"},{"url":"value","valueString":"temp/qa"}],"url":"http://hl7.org/fhir/tools/StructureDefinition/ig-parameter"},{"extension":[{"url":"code","valueString":"path-temp"},{"url":"value","valueString":"temp/pages"}],"url":"http://hl7.org/fhir/tools/StructureDefinition/ig-parameter"},{"extension":[{"url":"code","valueString":"path-output"},{"url":"value","valueString":"output"}],"url":"http://hl7.org/fhir/tools/StructureDefinition/ig-parameter"},{"extension":[{"url":"code","valueString":"path-suppressed-warnings"},{"url":"value","valueString":"input/ignoreWarnings.txt"}],"url":"http://hl7.org/fhir/tools/StructureDefinition/ig-parameter"},{"extension":[{"url":"code","valueString":"path-history"},{"url":"value","valueString":"http://alr.cms.gov/ig/history.html"}],"url":"http://hl7.org/fhir/tools/StructureDefinition/ig-parameter"},{"extension":[{"url":"code","valueString":"template-html"},{"url":"value","valueString":"template-page.html"}],"url":"http://hl7.org/fhir/tools/StructureDefinition/ig-parameter"},{"extension":[{"url":"code","valueString":"template-md"},{"url":"value","valueString":"template-page-md.html"}],"url":"http://hl7.org/fhir/tools/StructureDefinition/ig-parameter"},{"extension":[{"url":"code","valueString":"apply-contact"},{"url":"value","valueString":"true"}],"url":"http://hl7.org/fhir/tools/StructureDefinition/ig-parameter"},{"extension":[{"url":"code","valueString":"apply-context"},{"url":"value","valueString":"true"}],"url":"http://hl7.org/fhir/tools/StructureDefinition/ig-parameter"},{"extension":[{"url":"code","valueString":"apply-copyright"},{"url":"value","valueString":"true"}],"url":"http://hl7.org/fhir/tools/StructureDefinition/ig-parameter"},{"extension":[{"url":"code","valueString":"apply-jurisdiction"},{"url":"value","valueString":"true"}],"url":"http://hl7.org/fhir/tools/StructureDefinition/ig-parameter"},{"extension":[{"url":"code","valueString":"apply-license"},{"url":"value","valueString":"true"}],"url":"http://hl7.org/fhir/tools/StructureDefinition/ig-parameter"},{"extension":[{"url":"code","valueString":"apply-publisher"},{"url":"value","valueString":"true"}],"url":"http://hl7.org/fhir/tools/StructureDefinition/ig-parameter"},{"extension":[{"url":"code","valueString":"apply-version"},{"url":"value","valueString":"true"}],"url":"http://hl7.org/fhir/tools/StructureDefinition/ig-parameter"},{"extension":[{"url":"code","valueString":"active-tables"},{"url":"value","valueString":"true"}],"url":"http://hl7.org/fhir/tools/StructureDefinition/ig-parameter"}],"grouping":[{"id":"_str_profile","name":"Structures: Resource Profiles","description":"These define constraints on FHIR resources for systems conforming to this implementation guide"},{"id":"_str_extension","name":"Structures: Extension Definitions","description":"These define constraints on FHIR data types for systems conforming to this implementation guide"},{"id":"_ex_example","name":"Example: Example Instances","description":"These are example instances that show what data produced and consumed by systems conforming with this implementation guide might look like"}],"resource":[{"extension":[{"url":"http://hl7.org/fhir/StructureDefinition/implementationguide-page","valueUri":"StructureDefinition-alr-Coverage.html"}],"reference":{"reference":"StructureDefinition/alr-Coverage"},"name":"ALR Coverage Profile","description":"ALR Coverage Profile Desc","exampleBoolean":false,"groupingId":"_str_profile"},{"extension":[{"url":"http://hl7.org/fhir/StructureDefinition/implementationguide-page","valueUri":"StructureDefinition-alr-Group.html"}],"reference":{"reference":"StructureDefinition/alr-Group"},"name":"ALR Group Profile","description":"ALR Group Profile Desc","exampleBoolean":false,"groupingId":"_str_profile"},{"extension":[{"url":"http://hl7.org/fhir/StructureDefinition/implementationguide-page","valueUri":"StructureDefinition-alr-Patient.html"}],"reference":{"reference":"StructureDefinition/alr-Patient"},"name":"ALR Patient Profile","description":"ALR Patient Profile Desc","exampleBoolean":false,"groupingId":"_str_profile"},{"extension":[{"url":"http://hl7.org/fhir/StructureDefinition/implementationguide-page","valueUri":"StructureDefinition-ext-changeReason.html"}],"reference":{"reference":"StructureDefinition/ext-changeReason"},"name":"ALR Change Reason","description":"ALR Change Reason Description","exampleBoolean":false,"groupingId":"_str_extension"},{"extension":[{"url":"http://hl7.org/fhir/StructureDefinition/implementationguide-page","valueUri":"StructureDefinition-ext-claimsBasedAssignmentFlag.html"}],"reference":{"reference":"StructureDefinition/ext-claimsBasedAssignmentFlag"},"name":"ALR Claims Based Assignment","description":"ALR Claims Based Assignment Desc","exampleBoolean":false,"groupingId":"_str_extension"},{"extension":[{"url":"http://hl7.org/fhir/StructureDefinition/implementationguide-page","valueUri":"StructureDefinition-ext-claimsBasedAssignmentStep.html"}],"reference":{"reference":"StructureDefinition/ext-claimsBasedAssignmentStep"},"name":"ALR Claims Based Assignment","description":"ALR Claims Based Assignment Desc","exampleBoolean":false,"groupingId":"_str_extension"},{"extension":[{"url":"http://hl7.org/fhir/StructureDefinition/implementationguide-page","valueUri":"StructureDefinition-ext-enrollmentPeriod.html"}],"reference":{"reference":"StructureDefinition/ext-enrollmentPeriod"},"name":"ALR Enrollment Period","description":"ALR Enrollment Period Desc","exampleBoolean":false,"groupingId":"_str_extension"},{"extension":[{"url":"http://hl7.org/fhir/StructureDefinition/implementationguide-page","valueUri":"StructureDefinition-ext-newlyAssignedBeneficiaryFlag.html"}],"reference":{"reference":"StructureDefinition/ext-newlyAssignedBeneficiaryFlag"},"name":"ALR Newly Assigned Beneficiary Flag","description":"ALR Newly Assigned Beneficiary Flag","exampleBoolean":false,"groupingId":"_str_extension"},{"extension":[{"url":"http://hl7.org/fhir/StructureDefinition/implementationguide-page","valueUri":"StructureDefinition-ext-prevAssignedBeneficiaryFlag.html"}],"reference":{"reference":"StructureDefinition/ext-prevAssignedBeneficiaryFlag"},"name":"ALR Previously Assigned Beneficiary Flag","description":"ALR Previously Assigned Beneficiary Flag","exampleBoolean":false,"groupingId":"_str_extension"},{"extension":[{"url":"http://hl7.org/fhir/StructureDefinition/implementationguide-page","valueUri":"StructureDefinition-ext-voluntaryAlignmentFlag.html"}],"reference":{"reference":"StructureDefinition/ext-voluntaryAlignmentFlag"},"name":"ALR Voluntary Alignment","description":"ALR Voluntary Alignment Desc","exampleBoolean":false,"groupingId":"_str_extension"},{"extension":[{"url":"http://hl7.org/fhir/StructureDefinition/implementationguide-page","valueUri":"Patient-pfX87a34de3feaagux8xz.html"}],"reference":{"reference":"Patient/pfX87a34de3feaagux8xz"},"name":"Patient: General Example","exampleCanonical":"http://alr.cms.gov/ig/StructureDefinition/alr-Patient","groupingId":"_ex_example"},{"extension":[{"url":"http://hl7.org/fhir/StructureDefinition/implementationguide-page","valueUri":"Coverage-u87a34asdf667de3feaagux8xz.html"}],"reference":{"reference":"Coverage/u87a34asdf667de3feaagux8xz"},"name":"Coverage: General Example","exampleCanonical":"http://alr.cms.gov/ig/StructureDefinition/alr-Coverage","groupingId":"_ex_example"},{"extension":[{"url":"http://hl7.org/fhir/StructureDefinition/implementationguide-page","valueUri":"Group-u87a34de3feaagux8xz.html"}],"reference":{"reference":"Group/u87a34de3feaagux8xz"},"name":"Group: General Example","exampleCanonical":"http://alr.cms.gov/ig/StructureDefinition/alr-Group","groupingId":"_ex_example"}],"page":{"nameUrl":"toc.html","title":"Table of Contents","generation":"html","page":[{"nameUrl":"index.html","title":"Home","generation":"markdown"},{"nameUrl":"artifacts.html","title":"Artifacts Summary","generation":"html","page":[{"nameUrl":"StructureDefinition-alr-Coverage.html","title":"ALR Coverage Profile","generation":"generated"},{"nameUrl":"StructureDefinition-alr-Group.html","title":"ALR Group Profile","generation":"generated"},{"nameUrl":"StructureDefinition-alr-Patient.html","title":"ALR Patient Profile","generation":"generated"},{"nameUrl":"StructureDefinition-ext-changeReason.html","title":"ALR Change Reason","generation":"generated"},{"nameUrl":"StructureDefinition-ext-claimsBasedAssignmentFlag.html","title":"ALR Claims Based Assignment","generation":"generated"},{"nameUrl":"StructureDefinition-ext-claimsBasedAssignmentStep.html","title":"ALR Claims Based Assignment","generation":"generated"},{"nameUrl":"StructureDefinition-ext-enrollmentPeriod.html","title":"ALR Enrollment Period","generation":"generated"},{"nameUrl":"StructureDefinition-ext-newlyAssignedBeneficiaryFlag.html","title":"ALR Newly Assigned Beneficiary Flag","generation":"generated"},{"nameUrl":"StructureDefinition-ext-prevAssignedBeneficiaryFlag.html","title":"ALR Previously Assigned Beneficiary Flag","generation":"generated"},{"nameUrl":"StructureDefinition-ext-voluntaryAlignmentFlag.html","title":"ALR Voluntary Alignment","generation":"generated"},{"nameUrl":"Patient-pfX87a34de3feaagux8xz.html","title":"Patient: General Example","generation":"generated"},{"nameUrl":"Coverage-u87a34asdf667de3feaagux8xz.html","title":"Coverage: General Example","generation":"generated"},{"nameUrl":"Group-u87a34de3feaagux8xz.html","title":"Group: General Example","generation":"generated"}]}]},"parameter":[{"code":"path-resource","value":"input/capabilities"},{"code":"path-resource","value":"input/examples"},{"code":"path-resource","value":"input/extensions"},{"code":"path-resource","value":"input/models"},{"code":"path-resource","value":"input/operations"},{"code":"path-resource","value":"input/profiles"},{"code":"path-resource","value":"input/resources"},{"code":"path-resource","value":"input/vocabulary"},{"code":"path-resource","value":"input/maps"},{"code":"path-resource","value":"input/testing"},{"code":"path-resource","value":"input/history"},{"code":"path-resource","value":"fsh-generated/resources"},{"code":"path-pages","value":"template/config"},{"code":"path-pages","value":"input/images"},{"code":"path-tx-cache","value":"input-cache/txcache"}]}}