{
  "resourceType": "Patient",
  "id": "pfX87a34de3feaagux8xz",
  "meta": {
    "profile": [
      "http://alr.cms.gov/ig/StructureDefinition/alr-Patient"
    ]
  },
  "text": {
    "status": "additional",
    "div": "<div xmlns=\"http://www.w3.org/1999/xhtml\"><p>General example of coverage with gaps in enrollment period</p></div>"
  },
  "identifier": [
    {
      "type": {
        "coding": [
          {
            "system": "http://terminology.hl7.org/CodeSystem/v2-0203",
            "code": "MC",
            "display": "Medicare Beneficiary Id"
          }
        ]
      },
      "system": "https://bluebutton.cms.gov/resources/variables/bene_id",
      "value": "-19999000008314"
    }
  ],
  "name": [
    {
      "family": "Doe",
      "given": [
        "John"
      ]
    }
  ],
  "gender": "male",
  "birthDate": "1957-01-17",
  "deceasedDateTime": "2020-03-18",
  "address": [
    {
      "line": [
        "1000 Main Street",
        "Apt #2"
      ],
      "district": "SL County",
      "state": "UT"
    }
  ]
}